smiles,subpocket,bool_pains,bool_brenk,bool_ro3,bool_qed,qed,bool_bb,bool_syba,syba,retro_count,bool_retro
Nc1c[nH]c2ncccc12,AP,1,1,1,1,0.5658999712435825,1,1,30.950959060571513,0,0
c1cnc2ccnn2c1,AP,1,1,1,1,0.511375604737478,1,1,39.62289811858867,154,1
Nc1cc(C2CC2)[nH]n1,AP,1,1,1,1,0.5817560283870127,1,1,18.524860679773994,76,1
Cc1c[nH]c2ncncc12,AP,1,1,1,1,0.5875133881718076,1,1,18.45204921270899,66,1
c1ncc2cc[nH]c2n1,AP,1,1,1,1,0.5607362152362961,1,1,30.638319580918225,68,1
c1ccc2ncncc2c1,AP,1,1,1,1,0.5412819114011972,1,1,36.822281190644524,78,1
Cc1n[nH]c2ccccc12,AP,1,1,1,1,0.5820392325335272,1,1,44.4808676464273,88,1
c1cnc2[nH]ccc2c1,AP,1,1,1,1,0.5583728365871126,1,1,43.27487395955146,108,1
Nc1ncccc1O,AP,1,1,1,1,0.5068633046996494,1,1,22.016494656421518,136,1
Nc1ncccn1,AP,1,1,1,1,0.49531271324374404,1,1,22.216635365925974,134,1
NC(=O)c1ccccc1,AP,1,1,1,1,0.5859367170668044,1,1,37.153131146312816,38,1
O=c1[nH]cnc2ccccc12,AP,1,1,1,1,0.6003509616659684,1,1,49.06194613610719,198,1
Brc1cnc2[nH]cnc2c1,AP,1,1,1,1,0.6995654942478055,1,1,31.23427654189242,0,0
CNc1ncccn1,AP,1,1,1,1,0.5708700999474509,1,1,27.03854504190275,0,0
Nc1n[nH]c2ccccc12,AP,1,1,1,1,0.5658999712435826,1,1,31.701166766408917,114,1
c1cn2ccnc2cn1,AP,1,1,1,1,0.5113756047374779,1,1,39.33473876475038,190,1
c1ncc2ccoc2n1,AP,1,1,1,1,0.524337023241302,1,1,20.91566462608599,0,0
Nc1nccs1,AP,1,1,1,1,0.5215253330648401,1,1,16.95309833793486,38,1
Cc1ccc2c(c1)OCO2,AP,1,1,1,1,0.540310891015898,1,1,32.414211538116504,58,1
c1ccc2c(c1)OCO2,AP,1,1,1,1,0.5176682759164258,1,1,24.83848061700253,276,1
Oc1ccccc1,AP,1,1,1,1,0.514729544768675,1,1,22.781258452418122,230,1
c1ccc2n[nH]cc2c1,AP,1,1,1,1,0.5583728365871126,1,1,41.32193679387078,66,1
c1ccc2[nH]ncc2c1,AP,1,1,1,1,0.5583728365871126,1,1,41.54100241300441,274,1
Clc1cnc2[nH]ccc2c1,AP,1,1,1,1,0.6162749315196012,1,1,44.7940476327261,0,0
CC(=O)Nc1ccccn1,AP,1,1,1,1,0.6263238604714195,1,1,47.49862526573194,58,1
Oc1ccc(Cl)c2cccnc12,AP,1,1,1,1,0.6745322343274752,1,1,43.91364625593198,54,1
c1cnc2nc[nH]c2c1,AP,1,1,1,1,0.5607362152362961,1,1,29.256169670089374,56,1
c1ncc2[nH]cnc2n1,AP,1,1,1,1,0.5454672838232755,1,1,20.65547250238942,68,1
Cn1cccc(N)c1=O,AP,1,1,1,1,0.5275047833665327,1,1,24.52971273842459,146,1
Nc1ccncn1,AP,1,1,1,1,0.49531271324374415,1,1,24.137073389913578,92,1
Nc1ncc(Br)cn1,AP,1,1,1,1,0.6328582562302699,1,1,26.407954697025673,110,1
CC(=O)Nc1ncccn1,AP,1,1,1,1,0.6104260962860729,1,1,42.093179685913604,0,0
Nc1ccnc2ccnn12,AP,1,1,1,1,0.5638030951061849,1,1,25.54147732141739,0,0
c1ncc2nc[nH]c2n1,AP,1,1,1,1,0.5454672838232756,1,1,19.38059096174531,78,1
CCc1ccco1,AP,1,1,1,1,0.5195790437613876,1,1,32.52289738289828,110,1
c1ccc(Nc2ncccn2)cc1,AP,1,1,1,1,0.752389705777418,1,1,65.22409755389877,0,0
c1n[nH]c2c1CCCC2,AP,1,1,1,1,0.5515098250854542,1,1,27.93428517469036,0,0
Cc1cnc2ccnn2c1N,AP,1,1,1,1,0.5954370615348293,1,1,32.22974974047434,0,0
Cc1ccc2ncccc2c1,AP,1,1,1,1,0.5519055037199659,1,1,56.860961252929066,0,0
c1ccc2[nH]cnc2c1,AP,1,1,1,1,0.5583728365871126,1,1,39.49652870819706,14,1
c1cnc2[nH]ccc2n1,AP,1,1,1,1,0.5607362152362961,1,1,25.633471150588832,0,0
O=C1Cc2ccccc2N1,AP,1,1,1,1,0.5653488967385903,1,1,1.0253554500825568,2,1
c1ccc2scnc2c1,AP,1,1,1,1,0.5397735725540235,1,1,40.1634330620127,80,1
c1ccc2cnccc2c1,AP,1,1,1,1,0.5311915584041306,1,1,39.36588766207535,106,1
Clc1cccnc1,AP,1,1,1,1,0.4994929876185537,1,1,31.118626769046976,316,1
Nc1ncccc1Cl,AP,1,1,1,1,0.572458049351884,1,1,29.98004094229593,248,1
c1cnc2ccncc2c1,AP,1,1,1,1,0.5412819114011972,1,1,42.93450337307583,0,0
O=c1ccc2ccccc2[nH]1,AP,1,1,1,1,0.5986881320129136,1,1,36.81069293564177,10,1
Brc1cnc2[nH]ncc2c1,AP,1,1,1,1,0.6995654942478055,1,1,25.703405907241713,0,0
c1cnc2[nH]ncc2c1,AP,1,1,1,1,0.5607362152362961,1,1,28.64592051860852,154,1
O=C1Nc2ccccc2Nc2ccccc21,AP,1,1,1,1,0.7013882665837136,1,1,1.052708969003263,0,0
Nc1cnccn1,AP,1,1,1,1,0.49531271324374415,1,1,22.138942562870167,216,1
Nc1ccccn1,AP,1,1,1,1,0.5126510027980979,1,1,26.873424810579362,452,1
Oc1ccc(F)cc1,AP,1,1,1,1,0.5392148187981868,1,1,24.33664661155088,262,1
c1ccc2nccnc2c1,AP,1,1,1,1,0.5412819114011972,1,1,35.5440912804079,120,1
Cc1ccc(N)nc1,AP,1,1,1,1,0.5375123323676086,1,1,29.816822798196625,94,1
COc1ccc(CO)nc1,AP,1,1,1,1,0.6513699750723928,1,1,32.11909153793291,0,0
OCc1ccccn1,AP,1,1,1,1,0.571659552744487,1,1,34.87830536017265,24,1
Cc1ccc2nc(N)sc2c1,AP,1,1,1,1,0.6478348406982907,1,1,58.802625093784386,28,1
COc1cncnc1,AP,1,1,1,1,0.5271940515548245,1,1,26.64740103217025,144,1
Nc1nncs1,AP,1,1,1,1,0.5046578314706381,1,1,13.562704486620007,10,1
O=C1COc2ccccc21,AP,1,1,1,1,0.5335807824192865,1,1,6.471326311878569,0,0
Cc1ccc(O)cc1,AP,1,1,1,1,0.5359354364287862,1,1,25.918361055933115,86,1
COc1ccccc1O,AP,1,1,1,1,0.6127725486570803,1,1,32.61513906686136,118,1
COc1cc(C)ccc1O,AP,1,1,1,1,0.6397107129957217,1,1,38.82700210531711,0,0
c1ccc2ocnc2c1,AP,1,1,1,1,0.5283477685064296,1,1,21.284420970438614,90,1
c1cnc2ccoc2c1,AP,1,1,1,1,0.5283477685064296,1,1,34.64601275809648,0,0
Cc1[nH]nc2ccccc12,AP,1,1,1,1,0.5820392325335272,1,1,42.180746716249125,66,1
Nc1ncc2ccccc2n1,AP,1,1,1,1,0.6058167298330609,1,1,34.23101428298383,74,1
COc1ccc2cccnc2c1,AP,1,1,1,1,0.6362244803453474,1,1,63.72153642279395,42,1
O=C1c2ccccc2S(=O)(=O)c2ccccc21,AP,1,1,1,1,0.6079192709799832,1,1,25.236378141784453,0,0
Cc1cc(C)c(C)[nH]1,AP,1,1,1,1,0.5237077195676505,1,1,25.299896245674983,0,0
c1cnn2ccnc2c1,AP,1,1,1,1,0.511375604737478,1,1,40.334406154000206,124,1
O=c1ccoc2cc(O)ccc12,AP,1,1,1,1,0.6381292477972546,1,1,30.35022616058582,0,0
Oc1ccc2scnc2c1,AP,1,1,1,1,0.6243115793086027,1,1,21.748967642470582,0,0
COc1ccc2scnc2c1,AP,1,1,1,1,0.6464980790240891,1,1,47.07998808560331,0,0
Nc1nc2cc(F)ccc2s1,AP,1,1,1,1,0.6531640436517764,1,1,45.5264796575088,56,1
CN(C)c1ncccn1,AP,1,1,1,1,0.5455045236550637,1,1,29.57767030306427,0,0
Nc1ncnc2ccccc12,AP,1,1,1,1,0.6058167298330609,1,1,40.815128069192745,0,0
Cc1cnc(N)nc1,AP,1,1,1,1,0.5231996621282303,1,1,22.37665995608593,34,1
Nc1ncc(Cl)cn1,AP,1,1,1,1,0.561506980733552,1,1,23.34508788967802,72,1
Nc1ccc(Cl)cn1,AP,1,1,1,1,0.572458049351884,1,1,30.231963439039387,108,1
COc1ccc2cncnc2c1,AP,1,1,1,1,0.6356552607915211,1,1,44.390783036407726,12,1
Brc1cccnc1,AP,1,1,1,1,0.5608312551209708,1,1,38.18745695204445,228,1
Cc1c[nH]c2ncccc12,AP,1,1,1,1,0.5820392325335273,1,1,33.35521341302677,0,0
O=C([O-])c1cccnc1,AP,1,1,1,1,0.5015757599713943,1,1,43.770548754428575,0,0
CCc1cc(N)n[nH]1,AP,1,1,1,1,0.5557982749646423,1,1,19.34190796464228,0,0
CCc1cc(N)[nH]n1,AP,1,1,1,1,0.5557982749646423,1,1,19.37702004910079,0,0
COc1ccc2nccc(O)c2c1,AP,1,1,1,1,0.7198219434590416,1,1,42.96877209703103,0,0
c1ccc2occc2c1,AP,1,1,1,1,0.5174240042877333,1,1,35.92915737954941,116,1
Cc1ccccc1O,AP,1,1,1,1,0.5359354364287862,1,1,27.222902325844824,122,1
CCNc1ccc(C#N)cn1,AP,1,1,1,1,0.6871330418562508,1,1,52.71881888240145,0,0
O=c1cc(O)cc[nH]1,AP,1,1,1,1,0.49778543177592105,1,1,18.494391127465306,2,1
Nc1ncnn2cccc12,AP,1,1,1,1,0.5638030951061849,1,1,28.754426596513945,32,1
O=C1Cc2cc(F)ccc2N1,AP,1,1,1,1,0.5948673794448279,1,1,13.02723060098136,4,1
Clc1ccnc2[nH]ccc12,AP,1,1,1,1,0.6162749315196011,1,1,39.31945149793472,0,0
NC(=O)c1ccccn1,AP,1,1,1,1,0.5772627921564857,1,1,39.38347460695913,170,1
Nc1ncnc2sc3c(c12)CCC3,AP,1,1,1,1,0.6899838703788439,1,1,57.98205763414037,0,0
c1ccc2ncccc2c1,AP,1,1,1,1,0.5311915584041306,1,1,50.88665479563308,786,1
NC(=O)c1cncs1,AP,1,1,1,1,0.5886866200086456,1,1,21.1386735213312,0,0
Nc1nc2ccccn2n1,AP,1,1,1,1,0.5638030951061849,1,1,43.55439948009147,0,0
Cn1cnc(N)c1,AP,1,1,1,1,0.4949528351550348,1,1,16.371734607781228,66,1
Nc1ccncc1,AP,1,1,1,1,0.5126510027980979,1,1,21.92789768762486,220,1
c1cc2cncnn2c1,AP,1,1,1,1,0.5113756047374779,1,1,26.486607037963996,0,0
c1cc2[nH]cnc2cn1,AP,1,1,1,1,0.5607362152362961,1,1,25.45966128429851,0,0
c1ccn2ncnc2c1,AP,1,1,1,1,0.511375604737478,1,1,41.868666818475184,156,1
O=c1cc[nH]c2ncccc12,AP,1,1,1,1,0.6003509616659684,1,1,38.4739746086882,0,0
O=c1cc[nH]c2cc(F)ccc12,AP,1,1,1,1,0.6291007084068679,1,1,38.47297791117984,0,0
N#Cc1c(N)sc2c1CCCC2,AP,1,1,1,1,0.6608756643915483,1,1,36.73731553282585,40,1
c1ccn2ccnc2c1,AP,1,1,1,1,0.5098151396252019,1,1,45.08346027343898,112,1
COC(=O)c1sccc1NC(C)=O,AP,1,1,1,1,0.7340627045137305,1,1,70.34027670359042,6,1
Cc1csc(N)c1,AP,1,1,1,1,0.5434730936195056,1,1,11.422915882432605,0,0
COc1ccc2c(O)ccnc2c1,AP,1,1,1,1,0.7198219434590417,1,1,40.05714861852347,4,1
c1cc2nccn2cn1,AP,1,1,1,1,0.511375604737478,1,1,36.9544973976977,0,0
c1c[nH]c2nccc-2c1,AP,1,1,1,1,0.5577469355652159,1,1,31.101604651720496,76,1
Cc1cc2cccnc2[nH]1,AP,1,1,1,1,0.5820392325335273,1,1,37.09850457103153,0,0
NC(=O)c1ccoc1,AP,1,1,1,1,0.5690629874470592,1,1,31.356144308341094,8,1
NC(=O)c1cscn1,AP,1,1,1,1,0.5886866200086456,1,1,25.797585096785465,0,0
O=C(Nc1ccccc1)c1ccccc1O,AP,1,1,1,1,0.8052241874500292,1,1,86.72379437649379,0,0
COc1ccccc1C(N)=O,AP,1,1,1,1,0.6790575842877806,1,1,52.52750096104229,0,0
NC(=O)c1ccc(Br)cc1,AP,1,1,1,1,0.7335677023431018,1,1,47.43270407772773,18,1
NC(=O)c1ccc(F)cc1,AP,1,1,1,1,0.617349147480984,1,1,40.5071137931536,28,1
c1ccc(-n2cccn2)cc1,AP,1,1,1,1,0.5970666437894959,1,1,50.51649797573513,98,1
Cc1cnc2ccccc2c1,AP,1,1,1,1,0.5519055037199659,1,1,53.44240044072394,2,1
CCc1ccc2ncccc2c1,AP,1,1,1,1,0.6199049022830793,1,1,64.7419975113864,0,0
c1ccc(-c2ncccn2)cc1,AP,1,1,1,1,0.6317729528591786,1,1,46.91309695081389,0,0
O=C(O)Nc1ccccc1,AP,1,1,1,1,0.6193250852042754,1,1,26.440530934704903,0,0
COc1ccccc1,AP,1,1,1,1,0.5316253154127668,1,1,34.591252979338954,242,1
Nc1nccnc1-c1ccccc1,AP,1,1,1,1,0.7103828943707656,1,1,33.24466839091776,0,0
Brc1cnc2nc[nH]c2c1,AP,1,1,1,1,0.6995654942478055,1,1,34.153225479096925,0,0
O=c1[nH]ccc2ccccc12,AP,1,1,1,1,0.5986881320129136,1,1,37.56946665426815,94,1
Cn1ccc2c(N)ncnc21,AP,1,1,1,1,0.5931799319976649,1,1,28.249430483032494,0,0
CC(=O)c1ccccc1,AP,1,1,1,1,0.5170467542625543,1,1,38.84580119823231,266,1
Oc1ccc(Br)cc1,AP,1,1,1,1,0.6366834808262342,1,1,29.726792005619178,106,1
FC(F)(F)c1ccccc1,AP,1,1,1,1,0.5274607455911079,1,1,36.437699073802,242,1
Cc1c[nH]c2ccccc12,AP,1,1,1,1,0.5649684553619617,1,1,37.174668816692694,0,0
Oc1ccc(Cl)cc1,AP,1,1,1,1,0.5671077548351335,1,1,25.75352107550546,192,1
Oc1cccc2cccnc12,AP,1,1,1,1,0.614103356782718,1,1,40.33376219070917,4,1
FC(F)(F)Oc1ccccc1,AP,1,1,1,1,0.6161869793338142,1,1,45.07593339309071,252,1
Cc1cccc(OC(C)C)c1,AP,1,1,1,1,0.6295311826395145,1,1,59.359363521515746,0,0
c1ccc2ccccc2c1,AP,1,1,1,1,0.5114311994891171,1,1,27.066307546520438,244,1
Cn1cnc2ccccc2c1=O,AP,1,1,1,1,0.5743423431787908,1,1,49.13022444967932,0,0
Clc1ccccc1Cl,AP,1,1,1,1,0.5285863388321962,1,1,26.914678708068134,170,1
Clc1ccc2[nH]ccc2c1,AP,1,1,1,1,0.5961550779996849,1,1,48.23450453605859,70,1
COc1cccc(C)c1OC,AP,1,1,1,1,0.6450116473288806,1,1,41.93122399588191,2,1
Brc1ccc2[nH]ccc2c1,AP,1,1,1,1,0.6661413067399449,1,1,52.96792315738858,64,1
Cc1cccc2cnccc12,AP,1,1,1,1,0.5519055037199659,1,1,44.07900516433005,2,1
O=C1Cc2cc(Cl)ccc2N1,AP,1,1,1,1,0.6278148486894898,1,1,15.845503907079443,0,0
N#Cc1ccnc2[nH]ccc12,AP,1,1,1,1,0.6061234099403053,1,1,30.91183113205806,0,0
Cc1c[nH]c2cnccc12,AP,1,1,1,1,0.5820392325335273,1,1,24.37623498836742,0,0
c1ccc(-c2nccs2)cc1,AP,1,1,1,1,0.6263545777465895,1,1,50.03778402169769,0,0
c1ccc2sccc2c1,AP,1,1,1,1,0.5193756104894538,1,1,41.037837130138456,240,1
NC(=O)c1cc2ccccc2s1,AP,1,1,1,1,0.7108928275991874,1,1,55.521802457140616,0,0
OCc1ccccc1,AP,1,1,1,1,0.5723436119287516,1,1,30.89379261466763,242,1
Nc1ccncc1F,AP,1,1,1,1,0.5388077752872951,1,1,20.40000135815709,50,1
Nc1nc2ccccc2o1,AP,1,1,1,1,0.5922099720914726,1,1,38.01523637924283,0,0
CCn1cnc2cncnc21,AP,1,1,1,1,0.6016654515624413,1,1,26.10643755546531,0,0
NC(=O)c1ccncc1,AP,1,1,1,1,0.5772627921564859,1,1,36.497034738344915,10,1
Cc1ccc(C(N)=O)o1,AP,1,1,1,1,0.5997819536090209,1,1,34.31775954918557,0,0
NC(=O)c1ccco1,AP,1,1,1,1,0.5690629874470592,1,1,32.06712585829939,52,1
Cc1ccnc(CO)c1,AP,1,1,1,1,0.6010089583015967,1,1,34.70404478828296,0,0
c1cnc2cccnc2c1,AP,1,1,1,1,0.5412819114011972,1,1,30.191219323760922,40,1
Nc1cc(O)ccn1,AP,1,1,1,1,0.5068633046996494,1,1,13.763142173476115,102,1
Nc1cc2ccccc2cn1,AP,1,1,1,1,0.6120847733236583,1,1,30.02573493890959,0,0
Oc1cnccn1,AP,1,1,1,1,0.5008316474747049,1,1,12.476225330459567,138,1
Nc1cc(C2CCC2)[nH]n1,AP,1,1,1,1,0.6118280272406302,1,1,19.831972108998905,0,0
c1ccc2[nH]nnc2c1,AP,1,1,1,1,0.5607362152362961,1,1,36.92621296978984,2,1
CCNc1ncccn1,AP,1,1,1,1,0.6347304780479304,1,1,37.50614962298098,0,0
CNC(=O)c1ccccc1,AP,1,1,1,1,0.6122319116423771,1,1,47.82334391425171,30,1
CC(C)c1nnc2ccccn12,AP,1,1,1,1,0.6385713929124197,1,1,56.77521898499624,50,1
Nc1nc2ccccc2s1,AP,1,1,1,1,0.6223520348087767,1,1,48.743862824883614,126,1
c1ncc2cn[nH]c2n1,AP,1,1,1,1,0.5454672838232756,1,1,16.096061713017697,0,0
c1ccn2cnnc2c1,AP,1,1,1,1,0.511375604737478,1,1,41.39098284837183,96,1
c1ccc(-n2ncc3cncnc32)cc1,AP,1,1,1,1,0.5958421165357399,1,1,38.726112207581,0,0
Nc1ccnn1-c1ccccc1,AP,1,1,1,1,0.6840470334583565,1,1,33.489898925124386,10,1
O=c1[nH]cncc1Cl,AP,1,1,1,1,0.5534895072866205,1,1,20.05135239392169,86,1
O=C1CCCCc2ccccc21,AP,1,1,1,1,0.5330021470541094,1,1,30.415166109462994,0,0
c1coc(-c2nc[nH]n2)c1,AP,1,1,1,1,0.6357138696248271,1,1,35.967668083590844,0,0
CCc1cncnc1,AP,1,1,1,1,0.5367952647550015,1,1,27.979379641942216,0,0
CNC(=O)c1ccccc1,FP,1,1,1,1,0.6122319116423771,1,1,47.82334391425171,36,1
CCOc1ccccc1,FP,1,1,1,1,0.5832071586937729,1,1,46.036312668873705,128,1
CCC(C)(C)OC,FP,1,1,1,1,0.5164549742275013,1,1,19.70722596902052,2,1
Cc1nnc(-c2ccccc2)[nH]1,FP,1,1,1,1,0.6886539877002524,1,1,23.874344804874454,0,0
CC(C)S(=O)(=O)c1ccccc1,FP,1,1,1,1,0.702790203042823,1,1,56.79854180476137,0,0
CCc1cc(F)ccc1OC,FP,1,1,1,1,0.6351538264099348,1,1,47.604991598157724,0,0
OCC1CCCCC1,FP,1,1,1,1,0.5481513424706516,1,1,23.658602976143,0,0
COC(=O)C1CCCCC1,FP,1,1,1,1,0.5211287604023573,1,1,39.55551792220229,0,0
CC(C)NC(=O)C1CCCCC1,FP,1,1,1,1,0.6734912969271588,1,1,53.72701084817781,0,0
Cc1cc(F)cc(F)c1,FP,1,1,1,1,0.5024152947188044,1,1,29.956172899108974,90,1
C[C@H](N)c1ccc(F)cc1F,FP,1,1,1,1,0.6623393438215724,1,1,29.56740598306639,0,0
CP(C)(=O)c1ccccc1,FP,1,1,1,1,0.564701513545773,1,1,35.58754206301331,0,0
c1ccc2ncccc2c1,FP,1,1,1,1,0.5311915584041306,1,1,50.88665479563308,84,1
FC(F)(F)c1ccccc1,FP,1,1,1,1,0.5274607455911079,1,1,36.437699073802,136,1
Brc1ccccc1,FP,1,1,1,1,0.5420450088370231,1,1,31.57617417851588,142,1
FC(F)(F)Oc1ccccc1,FP,1,1,1,1,0.6161869793338142,1,1,45.07593339309071,176,1
O=C([O-])c1ccccc1,FP,1,1,1,1,0.5263180674240564,1,1,38.39787175917415,2,1
NC(=O)c1ccccc1,FP,1,1,1,1,0.5859367170668044,1,1,37.153131146312816,36,1
NC(=O)Nc1ccccc1,FP,1,1,1,1,0.5979442528752776,1,1,47.72571782063407,14,1
c1ccc(Cn2cccn2)cc1,FP,1,1,1,1,0.6526244921045413,1,1,69.24573788377222,98,1
c1ccc(-c2ncc[nH]2)cc1,FP,1,1,1,1,0.6517443639878626,1,1,45.29854932914838,12,1
NCc1ccco1,FP,1,1,1,1,0.5609138019516413,1,1,14.179657892869956,0,0
OCCn1cccn1,FP,1,1,1,1,0.5786257845878836,1,1,32.75223805363652,94,1
CC(C)(C)c1nccs1,FP,1,1,1,1,0.5404830250412251,1,1,33.60764188607813,0,0
O=C(Nc1ccccc1)c1ccccc1,FP,1,1,1,1,0.7874913866928778,1,1,89.66426568312043,2,1
O=c1c2ccccc2ncn1-c1ccccc1F,FP,1,1,1,1,0.6547380213924899,1,1,65.27558655725097,0,0
OC[C@@H]1CCCCO1,FP,1,1,1,1,0.5417292126902965,1,1,17.08337294229077,0,0
COc1cncnc1,FP,1,1,1,1,0.5271940515548245,1,1,26.64740103217025,44,1
CC(C)C(=O)CO,FP,1,1,1,1,0.5405783571000348,1,1,14.047413811953977,0,0
Cc1cccc(Br)c1,FP,1,1,1,1,0.5624635581750883,1,1,39.751898338796,70,1
Cc1cn2ccccc2n1,FP,1,1,1,1,0.5323234365454219,1,1,49.30576006950656,44,1
c1ccn2ccnc2c1,FP,1,1,1,1,0.509815139625202,1,1,45.08346027343898,84,1
Cc1csc(C)n1,FP,1,1,1,1,0.4992737594689495,1,1,23.681947482183084,52,1
CNc1nc(C)cs1,FP,1,1,1,1,0.6195154332982648,1,1,31.349870699609756,0,0
Cc1csc(N)n1,FP,1,1,1,1,0.5468471344875042,1,1,21.37588362787605,20,1
c1cnn2ccnc2c1,FP,1,1,1,1,0.511375604737478,1,1,40.334406154000206,44,1
Clc1cccc(Cl)c1,FP,1,1,1,1,0.5285863388321962,1,1,30.04532860234687,172,1
c1ccc(Cn2cncn2)cc1,FP,1,1,1,1,0.6613641361270439,1,1,66.53491202466596,0,0
CCc1ccccc1Cl,FP,1,1,1,1,0.5628991883514108,1,1,40.23594086663108,0,0
Cc1ccc(Cl)cc1,FP,1,1,1,1,0.5015016660067645,1,1,32.3300410774607,122,1
Clc1ccccc1Cl,FP,1,1,1,1,0.5285863388321962,1,1,26.914678708068134,136,1
NCc1cccnc1,FP,1,1,1,1,0.5698981587218371,1,1,18.23653971334161,56,1
Nc1ncccn1,FP,1,1,1,1,0.49531271324374415,1,1,22.216635365925974,36,1
COc1ccccc1,FP,1,1,1,1,0.5316253154127668,1,1,34.591252979338954,154,1
c1ccc2ccccc2c1,FP,1,1,1,1,0.5114311994891171,1,1,27.066307546520438,134,1
Nc1cccnc1,FP,1,1,1,1,0.5126510027980979,1,1,25.2922304423249,68,1
c1ccc2[nH]cnc2c1,FP,1,1,1,1,0.5583728365871126,1,1,39.49652870819706,80,1
NCCc1c[nH]cn1,FP,1,1,1,1,0.560081635014732,1,1,6.240752779451141,86,1
NC(=O)c1cccs1,FP,1,1,1,1,0.5966447552748169,1,1,34.80138537178916,20,1
O=C([O-])Cc1ccccc1,FP,1,1,1,1,0.5713429347387614,1,1,51.153694095645626,2,1
c1ccc2cnccc2c1,FP,1,1,1,1,0.5311915584041305,1,1,39.36588766207535,128,1
NCCc1ccccc1,FP,1,1,1,1,0.6245074471542003,1,1,15.85689995066113,54,1
Cn1cc(-c2ccccc2)cn1,FP,1,1,1,1,0.6209820497306788,1,1,46.63100367907829,0,0
Nc1[nH]nc2ccccc12,FP,1,1,1,1,0.5658999712435826,1,1,29.319103227760454,30,1
Cn1ncc2ccccc21,FP,1,1,1,1,0.5317046613722227,1,1,38.96338932389866,128,1
CC(=O)N1CCCNCC1,FP,1,1,1,1,0.5089695066639623,1,1,2.9023084934935,8,1
CCCn1cncn1,FP,1,1,1,1,0.5617398374798184,1,1,32.204416996454434,0,0
Oc1ccccc1,FP,1,1,1,1,0.514729544768675,1,1,22.781258452418122,124,1
OCc1ccccc1,FP,1,1,1,1,0.5723436119287516,1,1,30.89379261466763,160,1
Nc1ccncc1,FP,1,1,1,1,0.5126510027980979,1,1,21.92789768762486,72,1
CSc1ncc[nH]1,FP,1,1,1,1,0.5543152632414271,1,1,21.936062480732964,0,0
CC(C)c1ccno1,FP,1,1,1,1,0.5518819784601052,1,1,17.425084661565474,0,0
c1ncc2ccsc2n1,FP,1,1,1,1,0.5504287970242819,1,1,27.13266666010047,0,0
N#CCCc1ccccc1,FP,1,1,1,1,0.6028557867580837,1,1,41.217045621355695,22,1
CCNc1nc2ccccc2s1,FP,1,1,1,1,0.7644466737562736,1,1,64.09684647586327,0,0
CCCCO,FP,1,1,1,1,0.5128217987135145,1,1,13.825336356798706,0,0
CCC(=O)Nc1ccccc1,FP,1,1,1,1,0.6845093070948893,1,1,61.76781640704646,4,1
Fc1cccc(C(F)(F)F)c1,FP,1,1,1,1,0.5169494506538485,1,1,46.844359913611314,162,1
CNCCS(C)(=O)=O,FP,1,1,1,1,0.556489360113596,1,1,11.548275654534129,0,0
CC(=O)Nc1ccccc1,FP,1,1,1,1,0.6227994751052723,1,1,50.70803070546458,170,1
Cn1ccc2ccccc21,FP,1,1,1,1,0.5160980556298523,1,1,46.284316308267535,22,1
CS(=O)(=O)C1CCNCC1,FP,1,1,1,1,0.5812198552351513,1,1,0.01297248709262222,90,1
COc1ccccc1Cl,FP,1,1,1,1,0.5850627747795066,1,1,43.98448272681154,146,1
c1ccn2nccc2c1,FP,1,1,1,1,0.5098151396252019,1,1,35.55596004961994,0,0
NCc1ccccc1,FP,1,1,1,1,0.5719431747561196,1,1,12.393294624918743,16,1
N[C@H](CO)c1ccc(F)c(Cl)c1,FP,1,1,1,1,0.740355078256195,1,1,35.61424586389612,0,0
N[C@H](CO)c1ccccc1,FP,1,1,1,1,0.6292391803863145,1,1,25.328992819798692,28,1
CCCn1cccn1,FP,1,1,1,1,0.5606218762933048,1,1,36.518310297601396,104,1
O=c1cccc[nH]1,FP,1,1,1,1,0.4959428487135856,1,1,17.55755317850797,24,1
O=c1ccccn1CCO,FP,1,1,1,1,0.6182854984245293,1,1,42.751651543156754,0,0
O=C1CCc2ccccc21,FP,1,1,1,1,0.5258373333961016,1,1,18.51131342517063,40,1
NCCc1cccnc1,FP,1,1,1,1,0.6229092895823215,1,1,20.73405319894836,16,1
Cc1cc(CN)on1,FP,1,1,1,1,0.5731652110099106,1,1,12.447614166039253,0,0
CCc1cc(OC)cc(OC)c1,FP,1,1,1,1,0.6853726071590648,1,1,40.78552283622175,0,0
CC(C)(N)c1ccccc1,FP,1,1,1,1,0.624786756141863,1,1,25.586761171054352,46,1
O=C([O-])c1ccccc1Cl,FP,1,1,1,1,0.5992375300511746,1,1,46.123640838170616,2,1
C[S@](=O)c1ccccc1,FP,1,1,1,1,0.5763209398375385,1,1,28.382977827441046,88,1
CCNCC,FP,1,1,1,1,0.5048540523547576,1,1,6.360621184069055,54,1
O=c1[nH]ccc2occc12,FP,1,1,1,1,0.5879226766401654,1,1,20.88931651591627,4,1
c1ccc2[nH]ccc2c1,FP,1,1,1,1,0.5439155908694729,1,1,40.29012989269332,16,1
COc1ccncc1N,FP,1,1,1,1,0.5982384187369707,1,1,27.390574791932064,68,1
Nc1cnc2ccccc2c1,FP,1,1,1,1,0.6120847733236583,1,1,46.82706021385561,64,1
c1cc2cc[nH]c2cn1,FP,1,1,1,1,0.5583728365871126,1,1,35.28136757730196,32,1
CNC(=O)c1ccccc1F,FP,1,1,1,1,0.6445959937960092,1,1,49.79092951238683,0,0
OCCCc1ccccc1,FP,1,1,1,1,0.6689565380917978,1,1,47.40919966148066,0,0
c1cnc2[nH]ccc2c1,FP,1,1,1,1,0.5583728365871126,1,1,43.27487395955146,92,1
CC1CCN(S(C)(=O)=O)CC1,FP,1,1,1,1,0.5903375990862029,1,1,33.977124931277935,0,0
O=C(O)NC1CCCC1,FP,1,1,1,1,0.5584438757905469,1,1,10.91397563203286,0,0
N#CCC(=O)N1CCCCC1,FP,1,1,1,1,0.5602631839619662,1,1,37.439019448974776,0,0
N#CCC1CCCCC1,FP,1,1,1,1,0.5251396422498789,1,1,13.590860355443377,0,0
N#CCCC1CCCCC1,FP,1,1,1,1,0.5737530888887298,1,1,25.231065084212467,0,0
CC(C)(C)NS(=O)(=O)c1ccccc1,FP,1,1,1,1,0.8133760456953595,1,1,65.96364844762772,136,1
CCN(CC)C(=O)[C@H]1CCCNC1,FP,1,1,1,1,0.7051245949846119,1,1,6.568011639083037,0,0
C[C@H](N)c1ccc(F)cc1,FP,1,1,1,1,0.6308651364660499,1,1,24.00139515274022,14,1
CNS(=O)(=O)c1ccccc1,FP,1,1,1,1,0.7076960310206866,1,1,50.72290137514336,40,1
c1ccc(N2CCOCC2)cc1,FP,1,1,1,1,0.6220990281060828,1,1,50.257911128916504,136,1
CS(=O)(=O)c1ccccc1,FP,1,1,1,1,0.6095920823457686,1,1,42.27054499320996,144,1
Cc1ccn(-c2cccc(Cl)c2)n1,FP,1,1,1,1,0.6796124315111957,1,1,55.89446969103494,0,0
OCc1cc[nH]n1,FP,1,1,1,1,0.5150256511811302,1,1,23.67432873178777,36,1
OCCc1c[nH]cn1,FP,1,1,1,1,0.5629224053514312,1,1,26.724365468075046,16,1
C[C@H](N)C(C)(C)O,FP,1,1,1,1,0.49430348355250436,1,1,2.6677420878623552,0,0
C[C@@H](N)C(C)(C)O,FP,1,1,1,1,0.49430348355250436,1,1,2.6677420878623552,0,0
NC(=O)c1ccccc1F,FP,1,1,1,1,0.6173491474809841,1,1,42.04107994819991,36,1
c1ccc2[nH]ncc2c1,FP,1,1,1,1,0.5583728365871126,1,1,41.54100241300441,60,1
Oc1cccc2[nH]ncc12,FP,1,1,1,1,0.5695767699152822,1,1,28.66297947582465,0,0
CNC1CCCCC1,FP,1,1,1,1,0.5435844630830176,1,1,16.359629351697215,22,1
Oc1ccccn1,FP,1,1,1,1,0.5163288713332986,1,1,15.660985624983631,62,1
c1ccc(-n2cncn2)cc1,FP,1,1,1,1,0.6045482615564559,1,1,48.17622363791496,0,0
Oc1ccc2nc[nH]c2c1,FP,1,1,1,1,0.5695767699152822,1,1,29.591847714591445,0,0
CSc1nc(C)c[nH]1,FP,1,1,1,1,0.5796258083308865,1,1,19.06166589881234,0,0
COc1cccc(OC)c1,FP,1,1,1,1,0.6189113153967104,1,1,40.67824546338798,160,1
O=C(c1ccccc1)c1ccccc1,FP,1,1,1,1,0.6524732866647586,1,1,52.45410095390331,148,1
CC(C)n1cnnc1,FP,1,1,1,1,0.5377454907365901,1,1,18.380214891687984,0,0
C[C@H](CO)n1cnnc1,FP,1,1,1,1,0.5997663542628732,1,1,11.52541635176406,0,0
c1nncn1C1CC1,FP,1,1,1,1,0.528719446165006,1,1,13.518241191198804,0,0
CCC(=O)NCc1ccccn1,FP,1,1,1,1,0.7266538760848749,1,1,70.51356395489063,0,0
c1ccc(Cn2ccnn2)cc1,FP,1,1,1,1,0.6613641361270438,1,1,51.33189919117603,2,1
CCc1ccnc(N)n1,FP,1,1,1,1,0.5952125056158412,1,1,28.51724507306803,38,1
CCCCc1ccnc(N)n1,FP,1,1,1,1,0.7100240320687291,1,1,42.72479628299541,0,0
c1ccc2c(c1)OCO2,FP,1,1,1,1,0.5176682759164258,1,1,24.83848061700253,54,1
Nc1nccs1,FP,1,1,1,1,0.5215253330648401,1,1,16.95309833793486,28,1
Nc1nncs1,FP,1,1,1,1,0.5046578314706381,1,1,13.562704486620007,0,0
CNC(=O)c1cccs1,FP,1,1,1,1,0.6232490855339597,1,1,44.5347287508199,30,1
c1csc(N2CCOCC2)n1,FP,1,1,1,1,0.62791856920256,1,1,41.12294564689484,0,0
COc1cccc(CC(N)=O)c1,FP,1,1,1,1,0.71715396588548,1,1,68.42783043258464,0,0
NC(=O)Cc1ccccc1,FP,1,1,1,1,0.6373688859267749,1,1,47.45197482999665,22,1
COc1cccc(F)c1,FP,1,1,1,1,0.5574315586180905,1,1,45.75362424301495,152,1
c1ccc2scnc2c1,FP,1,1,1,1,0.5397735725540235,1,1,40.1634330620127,56,1
Cc1ccc(C(N)=O)cc1,FP,1,1,1,1,0.6150947811524279,1,1,42.17636453506214,10,1
c1ccc2sccc2c1,FP,1,1,1,1,0.5193756104894537,1,1,41.037837130138456,44,1
CCCNC(=O)c1cccs1,FP,1,1,1,1,0.7351655888224627,1,1,70.00036751857711,0,0
CC(=O)Nc1ncc[nH]1,FP,1,1,1,1,0.5692234054682064,1,1,22.656674843972045,0,0
Nc1ncnc2ccccc12,FP,1,1,1,1,0.6058167298330609,1,1,40.815128069192745,0,0
c1ccc2ncncc2c1,FP,1,1,1,1,0.5412819114011972,1,1,36.822281190644524,20,1
c1cc(N2CCOCC2)ccn1,FP,1,1,1,1,0.616780765523831,1,1,39.76893665023137,0,0
c1cnc2cc[nH]c2c1,FP,1,1,1,1,0.5583728365871126,1,1,42.00991508813673,4,1
c1ncc2cc[nH]c2n1,FP,1,1,1,1,0.5607362152362961,1,1,30.638319580918225,40,1
COc1ccc(C#N)cc1,FP,1,1,1,1,0.5820968638734554,1,1,41.141442360740854,68,1
Cc1ccccc1NS(C)(=O)=O,FP,1,1,1,1,0.7559303335329448,1,1,55.03135058170571,4,1
CC1(O)CCCCC1,FP,1,1,1,1,0.5079019235818326,1,1,2.56832608302477,0,0
COc1ccc(OC)cc1,FP,1,1,1,1,0.6189113153967104,1,1,30.71901000558297,150,1
N#CCc1ccccc1,FP,1,1,1,1,0.5493761204967549,1,1,39.80351054193176,44,1
O=C(CO)N1CCCCC1,FP,1,1,1,1,0.5605948268287293,1,1,35.74886219582119,0,0
CN(C)c1cccnn1,FP,1,1,1,1,0.5455045236550637,1,1,35.40051654445047,0,0
c1ccc2[nH]c(C3CCNCC3)nc2c1,FP,1,1,1,1,0.7408317789287563,1,1,35.26926593824174,62,1
C1=C(c2c[nH]c3ccccc23)CCNC1,FP,1,1,1,1,0.7237561979226631,1,1,9.110330584620314,60,1
CC(=O)N(C)c1ccccc1,SE,1,1,1,1,0.5944047579099423,1,1,48.874515678205974,20,1
CCOc1ccccc1,SE,1,1,1,1,0.5832071586937729,1,1,46.036312668873705,82,1
c1ccc2ncncc2c1,SE,1,1,1,1,0.5412819114011972,1,1,36.822281190644524,34,1
COc1cccc(N2CCCCC2)c1,SE,1,1,1,1,0.712284283973087,1,1,72.65623901687545,16,1
COc1ccccn1,SE,1,1,1,1,0.5381831574540579,1,1,37.9940604388073,78,1
CS(=O)(=O)c1ccccc1,SE,1,1,1,1,0.6095920823457684,1,1,42.27054499320996,110,1
COc1cccc(OC)c1OC,SE,1,1,1,1,0.6872625590458662,1,1,39.05837888058208,100,1
Cc1ccc2nc[nH]c2c1,SE,1,1,1,1,0.5820392325335273,1,1,47.15723904867951,24,1
c1cnn2ccnc2c1,SE,1,1,1,1,0.511375604737478,1,1,40.334406154000206,30,1
Oc1ccccc1,SE,1,1,1,1,0.514729544768675,1,1,22.781258452418122,92,1
COc1ccccc1,SE,1,1,1,1,0.5316253154127668,1,1,34.591252979338954,96,1
c1ccc(N2CCOCC2)cc1,SE,1,1,1,1,0.6220990281060828,1,1,50.257911128916504,78,1
O=C(Nc1ccccc1)C1CC1,SE,1,1,1,1,0.7061057509157391,1,1,72.28134984890022,0,0
c1ccc2[nH]cnc2c1,SE,1,1,1,1,0.5583728365871126,1,1,39.49652870819706,18,1
Cc1cc(N)sn1,SE,1,1,1,1,0.5468471344875042,1,1,12.678398622275632,26,1
O=c1[nH]ncc2ccccc12,SE,1,1,1,1,0.6003509616659684,1,1,26.367786204191244,26,1
CS(=O)(=O)Nc1ccccn1,SE,1,1,1,1,0.7043313915332866,1,1,47.27307565060173,0,0
O=C([O-])c1ccccc1,SE,1,1,1,1,0.5263180674240564,1,1,38.39787175917415,4,1
NC(=O)c1ccccc1,SE,1,1,1,1,0.5859367170668044,1,1,37.153131146312816,78,1
Nc1ncccn1,SE,1,1,1,1,0.49531271324374404,1,1,22.216635365925974,26,1
O=C(Nc1ccccc1)c1ccccc1,SE,1,1,1,1,0.7874913866928777,1,1,89.66426568312043,86,1
Cc1nccc2ccccc12,SE,1,1,1,1,0.5519055037199659,1,1,39.775779202867774,8,1
OCCOc1ccccc1,SE,1,1,1,1,0.6762728590662828,1,1,47.970768141062095,32,1
CC(=O)NCc1ccccc1,SE,1,1,1,1,0.6747534818335013,1,1,61.21672661153093,0,0
c1ccc(C2CCNCC2)cc1,SE,1,1,1,1,0.6651786504669045,1,1,7.658029029245702,24,1
O=C(c1ccccc1)N1CCOCC1,SE,1,1,1,1,0.6662814508252086,1,1,74.47321490584632,64,1
O=C(c1cccnc1)N1CCOCC1,SE,1,1,1,1,0.6523612327426717,1,1,76.8422815683819,0,0
Nc1ccncn1,SE,1,1,1,1,0.49531271324374415,1,1,24.137073389913578,24,1
C[C@H](O)COc1ccccc1,SE,1,1,1,1,0.7098553048910035,1,1,42.44627525072942,0,0
C[C@@H](O)COc1ccccc1,SE,1,1,1,1,0.7098553048910035,1,1,42.44627525072942,0,0
CNS(=O)(=O)c1ccccc1,SE,1,1,1,1,0.7076960310206865,1,1,50.72290137514336,24,1
FC(F)(F)c1ccccc1,SE,1,1,1,1,0.5274607455911078,1,1,36.437699073802,98,1
CN(C)c1ccccc1,SE,1,1,1,1,0.5468274487440188,1,1,37.872038737644196,94,1
CN(C)S(=O)(=O)c1ccccc1,SE,1,1,1,1,0.6872260841888083,1,1,55.80656072468172,64,1
Cc1ccccc1O,SE,1,1,1,1,0.5359354364287862,1,1,27.222902325844824,4,1
Cc1csc(C)n1,SE,1,1,1,1,0.4992737594689495,1,1,23.681947482183084,16,1
CS(=O)(=O)N1CCCCC1,SE,1,1,1,1,0.5619536718824868,1,1,32.75850147993943,2,1
Cc1cnc(N)nc1,SE,1,1,1,1,0.5231996621282303,1,1,22.37665995608593,0,0
O=C(c1ccccc1)N1CCCC1,SE,1,1,1,1,0.638235238606759,1,1,71.82040859883786,0,0
Cc1ccc(C(=O)[O-])cc1,SE,1,1,1,1,0.557361788346881,1,1,43.11288685538113,0,0
Cc1ccc(O)cc1,SE,1,1,1,1,0.5359354364287862,1,1,25.918361055933115,0,0
CCNS(=O)(=O)c1ccccc1,SE,1,1,1,1,0.7627772179588964,1,1,62.752133017435455,24,1
Cc1ccccc1C(=O)[O-],SE,1,1,1,1,0.557361788346881,1,1,43.90606630948581,0,0
Brc1ccccc1,SE,1,1,1,1,0.5420450088370231,1,1,31.57617417851588,98,1
CN(C)c1ccccc1Cl,SE,1,1,1,1,0.602253113879925,1,1,41.372209594528286,6,1
COc1ccc(C)cc1,SE,1,1,1,1,0.5532379862472909,1,1,39.82115773981869,16,1
COc1ccc(Cl)cc1,SE,1,1,1,1,0.5850627747795066,1,1,40.29428076321017,84,1
c1ccc2[nH]ccc2c1,SE,1,1,1,1,0.5439155908694729,1,1,40.29012989269332,8,1
COc1ccc(Cl)c(OC)c1,SE,1,1,1,1,0.6820624995692601,1,1,50.21921986996425,14,1
c1cc(N2CCOCC2)ccn1,SE,1,1,1,1,0.6167807655238309,1,1,39.76893665023137,2,1
c1ccc2c(c1)CCO2,SE,1,1,1,1,0.5052002537494946,1,1,22.466333361139686,102,1
c1ccc2cnccc2c1,SE,1,1,1,1,0.5311915584041306,1,1,39.36588766207535,30,1
c1ccc(-c2ccn[nH]2)cc1,SE,1,1,1,1,0.6517443639878625,1,1,39.903135351511914,0,0
CC(=O)Nc1ccccc1,SE,1,1,1,1,0.6227994751052723,1,1,50.70803070546458,80,1
COc1cccc(C(=O)N2CCCCC2)c1,SE,1,1,1,1,0.763611755868964,1,1,105.27885421214226,0,0
COc1ccccc1O,SE,1,1,1,1,0.6127725486570803,1,1,32.61513906686136,66,1
c1ccc2c(c1)OCO2,SE,1,1,1,1,0.5176682759164258,1,1,24.83848061700253,4,1
c1scc2c1OCCO2,SE,1,1,1,1,0.5464325895553765,1,1,11.993643838446006,14,1
c1ccc(Oc2ccccn2)cc1,SE,1,1,1,1,0.692680062625555,1,1,72.21271395112872,0,0
CC(C)(C)c1ccccc1,SE,1,1,1,1,0.5114006703774442,1,1,39.78732658936647,102,1
c1ccc2ncccc2c1,SE,1,1,1,1,0.5311915584041306,1,1,50.88665479563308,84,1
COc1ccc(C)cc1OC,SE,1,1,1,1,0.6450116473288807,1,1,49.09492104377262,0,0
CN(C)C(=O)c1ccccc1,SE,1,1,1,1,0.5904983238770432,1,1,52.4542318016323,66,1
CC(C)(C)c1ccccn1,SE,1,1,1,1,0.5319153197964482,1,1,34.11749152704644,0,0
CC(=O)NC1CCCCC1,SE,1,1,1,1,0.5881054430832254,1,1,37.90778852108155,0,0
O=C1Cc2ccccc2N1,SE,1,1,1,1,0.5653488967385903,1,1,1.0253554500825568,8,1
COc1cccc(N2CCOCC2)c1,SE,1,1,1,1,0.710672885660566,1,1,71.23102138001491,0,0
CC1(CO)COC1,SE,1,1,1,1,0.5052576084464226,1,1,3.5804877383644396,28,1
COc1cccc(C(N)=O)c1,SE,1,1,1,1,0.6790575842877807,1,1,59.47193566645434,8,1
CCN1CCN(Cc2ccccc2)CC1,SE,1,1,1,1,0.7408384221100384,1,1,77.24218277042867,20,1
Cc1ccnc(N)n1,SE,1,1,1,1,0.5231996621282303,1,1,30.18974131870434,40,1
CSc1ccccc1,SE,1,1,1,1,0.5179452823981447,1,1,32.93718127829759,82,1
CCCCO,SE,1,1,1,1,0.5128217987135145,1,1,13.825336356798706,0,0
OCCCc1ccccc1,SE,1,1,1,1,0.6689565380917978,1,1,47.40919966148066,0,0
Fc1cccc(Cl)c1,SE,1,1,1,1,0.5062680369802974,1,1,36.18337245697641,86,1
Brc1cncnc1,SE,1,1,1,1,0.5685144631214077,1,1,25.553159337233435,52,1
COc1ccccc1OC,SE,1,1,1,1,0.6189113153967103,1,1,33.90936801172575,90,1
CCc1ccccc1,SE,1,1,1,1,0.5147578217927745,1,1,36.745243258470595,120,1
Cc1cnn(CCO)c1,SE,1,1,1,1,0.6136497377777997,1,1,39.650335333726424,0,0
COc1ccc(CN)cc1,SE,1,1,1,1,0.6633238802202668,1,1,16.512637560136522,30,1
Clc1cccc(Cl)c1,SE,1,1,1,1,0.5285863388321962,1,1,30.04532860234687,76,1
CCCn1cncn1,SE,1,1,1,1,0.5617398374798184,1,1,32.204416996454434,0,0
c1cc2cncnn2c1,SE,1,1,1,1,0.511375604737478,1,1,26.486607037963996,0,0
COc1ccccc1N1CCOCC1,SE,1,1,1,1,0.710672885660566,1,1,59.84748528160221,0,0
c1ccn2nccc2c1,SE,1,1,1,1,0.509815139625202,1,1,35.55596004961994,0,0
Cn1ccc(C(F)(F)F)n1,SE,1,1,1,1,0.5467194924872543,1,1,29.484652635419007,30,1
CC1(C)Cc2ccccc2O1,SE,1,1,1,1,0.5486176842945492,1,1,21.867476120729584,0,0
c1ccc(N2CCCCC2)cc1,SE,1,1,1,1,0.6117683755470859,1,1,52.14635393882533,60,1
COc1ccc2ccccc2c1,SE,1,1,1,1,0.6196937967945624,1,1,66.2343886319233,2,1
Oc1ccc2ccccc2c1,SE,1,1,1,1,0.6020160700037418,1,1,36.977495935527806,0,0
COc1ccc(F)cc1OC,SE,1,1,1,1,0.6500511394346002,1,1,44.498833007917696,18,1
COc1ccccc1Cl,SE,1,1,1,1,0.5850627747795066,1,1,43.98448272681154,104,1
Clc1cncnc1,SE,1,1,1,1,0.5054176926987128,1,1,20.442820330779547,38,1
Cc1csc2cncnc12,SE,1,1,1,1,0.5736756686094583,1,1,22.169003980977255,44,1
Cc1nc(N)sc1C,SE,1,1,1,1,0.572339049268458,1,1,22.23856183964006,16,1
Cc1cc(N)nn1C,SE,1,1,1,1,0.5233105535294158,1,1,22.795820637482308,28,1
c1ccc(-n2nccn2)cc1,SE,1,1,1,1,0.6045482615564558,1,1,41.7926064493052,2,1
COc1ccc(OC)c(Br)c1,SE,1,1,1,1,0.7569605044931583,1,1,56.58278013206898,34,1
COc1ccc(OC)c(C)c1,SE,1,1,1,1,0.6450116473288807,1,1,49.289235313349884,12,1
Cc1ccc(C(N)=O)cc1,SE,1,1,1,1,0.6150947811524279,1,1,42.17636453506214,4,1
Cc1ccc(S(=O)(=O)CCO)cc1,SE,1,1,1,1,0.7833942930773142,1,1,62.87262197852605,0,0
NC(=O)c1ccco1,SE,1,1,1,1,0.5690629874470592,1,1,32.06712585829939,8,1
COC1CCCCC1,SE,1,1,1,1,0.5060735203854042,1,1,22.885626516252596,0,0
CCNC(=O)N1CCCCC1,SE,1,1,1,1,0.6075957587509915,1,1,51.81073412212428,0,0
Fc1ccc2c(c1)COCO2,SE,1,1,1,1,0.5657492628426967,1,1,37.14246324330456,0,0
CC(C)NC(=O)NC1CCCCC1,SE,1,1,1,1,0.6770493982502719,1,1,62.39054298909707,0,0
COc1cccc(OC)c1,SE,1,1,1,1,0.6189113153967104,1,1,40.67824546338798,110,1
COc1ccc2occc2c1,SE,1,1,1,1,0.619310760729826,1,1,51.03799521481415,8,1
c1ccc2[nH]ncc2c1,SE,1,1,1,1,0.5583728365871126,1,1,41.54100241300441,90,1
C[NH+](C)Cc1ccccc1,SE,1,1,1,1,0.5974080284282456,1,1,51.954389800780696,0,0
CC(C)(C)c1ccc(C(N)=O)cc1,SE,1,1,1,1,0.7008311327254179,1,1,52.792028585495714,4,1
CCn1cccn1,SE,1,1,1,1,0.5076276941645591,1,1,29.56754245919666,38,1
CNC(=O)c1ccc(OC)cc1,SE,1,1,1,1,0.7110451272186061,1,1,65.52546840123227,24,1
c1cncc(-c2ccncc2)c1,SE,1,1,1,1,0.6317729528591786,1,1,47.87041623488121,0,0
c1ccc2occc2c1,SE,1,1,1,1,0.5174240042877334,1,1,35.92915737954941,38,1
Cn1ccc(Br)c1,SE,1,1,1,1,0.5446911831566104,1,1,26.639379161671012,0,0
Cc1ncc2sccc2n1,SE,1,1,1,1,0.5736756686094583,1,1,31.445240631846815,0,0
CNC(=O)c1ccccc1,SE,1,1,1,1,0.6122319116423772,1,1,47.82334391425171,74,1
Cc1[nH]c(C)c(C)c1C,SE,1,1,1,1,0.5442736785409319,1,1,15.318631387612346,0,0
c1ncc2sccc2n1,SE,1,1,1,1,0.550428797024282,1,1,31.360184430982375,0,0
CCc1c[nH]c2ccccc12,SE,1,1,1,1,0.634678344220595,1,1,48.98497182806486,0,0
CC(C)c1ccn(C)n1,SE,1,1,1,1,0.5549833496330374,1,1,34.80427739992697,0,0
Clc1ccc2ncncc2c1,SE,1,1,1,1,0.5972040822894839,1,1,37.903817465730135,0,0
C[C@H]1CCCN1C(=O)c1ccccc1,SE,1,1,1,1,0.6635246340488133,1,1,58.018794768710904,0,0
O=C(Nc1ccccc1)N1CCCC1,SE,1,1,1,1,0.7237462093127335,1,1,88.73624912698077,0,0
COc1ccc2nc[nH]c2c1,SE,1,1,1,1,0.6661476097466301,1,1,53.52288030244096,0,0
FC(F)(F)Oc1ccccc1,SE,1,1,1,1,0.6161869793338142,1,1,45.07593339309071,114,1
Cc1cc(C)c(C)[nH]1,SE,1,1,1,1,0.5237077195676505,1,1,25.299896245674983,0,0
O=C([O-])c1ccccc1Cl,SE,1,1,1,1,0.5992375300511746,1,1,46.123640838170616,0,0
Cn1ccc2ccccc21,SE,1,1,1,1,0.5160980556298523,1,1,46.284316308267535,2,1
C[C@H]1CCCN1c1ccccn1,SE,1,1,1,1,0.6281057531007874,1,1,24.104094516620506,0,0
CCc1ccccn1,SE,1,1,1,1,0.5313362980164081,1,1,34.8220333962902,6,1
Cc1cccc(C)c1OCCO,SE,1,1,1,1,0.7398053146923947,1,1,48.08800008441309,0,0
Cn1ncc2ccccc21,SE,1,1,1,1,0.5317046613722227,1,1,38.96338932389866,36,1
CN(C)c1ccccn1,SE,1,1,1,1,0.5550894783938017,1,1,41.31638017021044,78,1
Cc1n[nH]c2ccccc12,SE,1,1,1,1,0.5820392325335273,1,1,44.4808676464273,30,1
O=C1CCCN1c1ccccc1,SE,1,1,1,1,0.6147906334184667,1,1,43.59896544023973,22,1
OCCc1ccccc1,SE,1,1,1,1,0.6249752698115418,1,1,39.59944230025609,42,1
COc1cccc(N2CCC(O)CC2)c1,SE,1,1,1,1,0.8001529589067113,1,1,65.55914475660494,0,0
CN(C)C(=O)c1cccc(Cl)c1,SE,1,1,1,1,0.6527460605577102,1,1,66.06136428786738,0,0
Cc1cccc(N2CCOCC2)c1,SE,1,1,1,1,0.648595479526029,1,1,57.904413687574184,0,0
COc1cccc(N2CCNCC2)c1,SE,1,1,1,1,0.7592290238851659,1,1,39.4933972185968,0,0
CNC(=O)c1cccc(OC)c1,SE,1,1,1,1,0.7110451272186061,1,1,71.70754571123923,22,1
CCNC(=O)c1ccccc1,SE,1,1,1,1,0.6768552666060874,1,1,59.615834542956286,68,1
Nc1ccc(F)cn1,SE,1,1,1,1,0.5388077752872951,1,1,27.31010842817548,38,1
Nc1ccccn1,SE,1,1,1,1,0.5126510027980979,1,1,26.873424810579362,38,1
CS(=O)(=O)c1ccc(Cl)cc1,SE,1,1,1,1,0.6763012329230996,1,1,47.93913273672907,38,1
CCCS(C)(=O)=O,SE,1,1,1,1,0.5323134788045665,1,1,23.506671960624775,0,0
CNC(=O)c1ccc(C)cc1,SE,1,1,1,1,0.6413143419975227,1,1,53.249100942273884,0,0
Cc1ccc(C(=O)NCCO)cc1,SE,1,1,1,1,0.7178244028287533,1,1,79.26440605005341,0,0
Oc1ccccc1,GA,1,1,1,1,0.514729544768675,1,1,22.781258452418122,72,1
c1ccc2ncccc2c1,GA,1,1,1,1,0.5311915584041306,1,1,50.88665479563308,46,1
Cc1ccccc1O,GA,1,1,1,1,0.5359354364287862,1,1,27.222902325844824,24,1
CCc1ccccc1,GA,1,1,1,1,0.5147578217927745,1,1,36.745243258470595,68,1
Oc1ccccc1Cl,GA,1,1,1,1,0.5671077548351335,1,1,26.722978374162434,18,1
c1ccc2[nH]ncc2c1,GA,1,1,1,1,0.5583728365871126,1,1,41.54100241300441,22,1
CNS(=O)(=O)c1ccccc1,GA,1,1,1,1,0.7076960310206865,1,1,50.72290137514336,20,1
Cn1cnc2ccccc21,GA,1,1,1,1,0.5317046613722227,1,1,43.9220760764835,10,1
Clc1cccc(Cl)c1,GA,1,1,1,1,0.528586338832196,1,1,30.04532860234687,48,1
Oc1ccc(F)cc1,GA,1,1,1,1,0.5392148187981868,1,1,24.33664661155088,30,1
NC(=O)c1ccccc1,GA,1,1,1,1,0.5859367170668044,1,1,37.153131146312816,52,1
NC(=O)c1cccc(F)c1,GA,1,1,1,1,0.6173491474809841,1,1,45.75262162514513,26,1
Oc1cccc(Cl)c1,GA,1,1,1,1,0.5671077548351335,1,1,27.676345948658856,24,1
Cn1ncc2ccccc21,GA,1,1,1,1,0.5317046613722227,1,1,38.96338932389866,18,1
Nc1ncccn1,GA,1,1,1,1,0.49531271324374404,1,1,22.216635365925974,14,1
Clc1ccn[nH]1,GA,1,1,1,1,0.5215110910118236,1,1,12.209967426939107,0,0
COc1ccccc1O,GA,1,1,1,1,0.6127725486570804,1,1,32.61513906686136,42,1
O=C([O-])c1ccccc1,GA,1,1,1,1,0.5263180674240564,1,1,38.39787175917415,4,1
COC(=O)c1ccco1,GA,1,1,1,1,0.528065214128836,1,1,40.41355109082228,18,1
CCc1ccc(O)c(OC)c1,GA,1,1,1,1,0.7015523595771087,1,1,47.00538321673581,2,1
COc1cccc(Cl)c1,GA,1,1,1,1,0.5850627747795066,1,1,47.536824281684325,0,0
Brc1ccccc1,GA,1,1,1,1,0.5420450088370231,1,1,31.57617417851588,64,1
O=C([O-])Cc1cc[nH]c1,GA,1,1,1,1,0.5667853687000969,1,1,38.28087458242734,0,0
COc1cc(C)ccc1O,GA,1,1,1,1,0.6397107129957217,1,1,38.82700210531711,2,1
O=C1Cc2cc(Cl)ccc2N1,GA,1,1,1,1,0.6278148486894898,1,1,15.845503907079443,0,0
Oc1cccc(O)c1,GA,1,1,1,1,0.5245841402909771,1,1,21.56294689145798,6,1
COC(=O)c1ccc(Cl)cc1,GA,1,1,1,1,0.6039269770983688,1,1,53.56791571334327,22,1
COc1ccccc1Cl,GA,1,1,1,1,0.5850627747795066,1,1,43.98448272681154,0,0
Fc1ccccc1Cl,GA,1,1,1,1,0.5062680369802974,1,1,34.157406279393,52,1
OCCc1ccccc1,GA,1,1,1,1,0.6249752698115418,1,1,38.45239694464869,0,0
Clc1cccc2cn[nH]c12,GA,1,1,1,1,0.6162749315196012,1,1,40.122829681437615,0,0
Nc1n[nH]c2ccccc12,GA,1,1,1,1,0.5658999712435825,1,1,31.701166766408917,4,1
CCc1ccc(Cl)cc1,GA,1,1,1,1,0.5628991883514108,1,1,41.53696774027129,8,1
Cc1ccc(O)cc1,GA,1,1,1,1,0.5359354364287862,1,1,25.918361055933115,4,1
Cc1ccc2[nH]ncc2c1,GA,1,1,1,1,0.5820392325335272,1,1,48.96326855754554,24,1
COc1ccccc1,GA,1,1,1,1,0.5316253154127668,1,1,34.591252979338954,28,1
Oc1ccc(Cl)cc1,GA,1,1,1,1,0.5671077548351335,1,1,25.75352107550546,12,1
Clc1ccc2c(c1)OCO2,GA,1,1,1,1,0.5726713017954399,1,1,32.10566368048522,4,1
Cc1ccc(CO)cc1,GA,1,1,1,1,0.597917345661115,1,1,34.161067649326874,14,1
Oc1ncccc1Cl,GA,1,1,1,1,0.5751643100951854,1,1,19.025023345096024,16,1
NC(=O)c1ccc[nH]1,GA,1,1,1,1,0.5293692197242565,1,1,29.61561098652902,0,0
COc1cccc(OC)c1,GA,1,1,1,1,0.6189113153967103,1,1,40.67824546338798,94,1
COc1ccccc1OC,GA,1,1,1,1,0.6189113153967104,1,1,33.90936801172575,46,1
CNC(=O)c1cccc2ccccc12,GA,1,1,1,1,0.7246156285144338,1,1,68.68180406955626,0,0
Cc1nc2ccccc2[nH]1,GA,1,1,1,1,0.5820392325335272,1,1,44.88413169761304,2,1
NC(=O)Nc1ccccc1,GA,1,1,1,1,0.5979442528752776,1,1,47.72571782063407,14,1
c1cnc2[nH]ccc2c1,GA,1,1,1,1,0.5583728365871126,1,1,43.27487395955146,26,1
CS(=O)(=O)c1ccccc1,GA,1,1,1,1,0.6095920823457686,1,1,42.27054499320996,54,1
c1ccc2scnc2c1,GA,1,1,1,1,0.5397735725540235,1,1,40.1634330620127,10,1
Oc1cccnc1,GA,1,1,1,1,0.5163288713332986,1,1,23.733310810490952,12,1
O=C1Cc2ccccc2N1,GA,1,1,1,1,0.5653488967385903,1,1,1.0253554500825568,42,1
NC(=O)C1CCCCC1,GA,1,1,1,1,0.5618057864174241,1,1,28.38578532547922,0,0
CCCC(N)=O,GA,1,1,1,1,0.515849416261373,1,1,19.063948883735367,0,0
CNc1ncccn1,GA,1,1,1,1,0.5708700999474506,1,1,27.03854504190275,0,0
CCc1cccc(O)c1,GA,1,1,1,1,0.6032549150365025,1,1,39.469041118895476,4,1
CCc1ccc(F)c(O)c1,GA,1,1,1,1,0.6328600247067463,1,1,18.601764363158328,0,0
Clc1ccccc1Cl,GA,1,1,1,1,0.5285863388321962,1,1,26.914678708068134,36,1
Brc1ccco1,GA,1,1,1,1,0.54669005287924,1,1,22.124319077875796,10,1
c1ccc2ccccc2c1,GA,1,1,1,1,0.5114311994891171,1,1,27.066307546520438,36,1
Cc1cccc(O)c1,GA,1,1,1,1,0.5359354364287862,1,1,27.990213874302853,64,1
CNc1cccc(Cl)c1,GA,1,1,1,1,0.6334389825044998,1,1,35.16911312077091,20,1
COc1ccc2ccccc2c1,GA,1,1,1,1,0.6196937967945625,1,1,66.2343886319233,28,1
CCc1cccs1,GA,1,1,1,1,0.5226646838543858,1,1,36.23822562052958,6,1
Oc1c(Cl)cccc1Cl,GA,1,1,1,1,0.6227397221533864,1,1,25.785594581643515,20,1
c1ccc2c(c1)CCN2,GA,1,1,1,1,0.5472625753439292,1,1,6.425894224555794,22,1
O=c1[nH]c2ccccc2[nH]1,GA,1,1,1,1,0.5510989531027273,1,1,30.016742488371126,14,1
Cn1cc(N)cn1,GA,1,1,1,1,0.4949528351550349,1,1,21.047785335510568,0,0
Nc1ccncc1,GA,1,1,1,1,0.5126510027980979,1,1,21.92789768762486,24,1
Fc1cccc(Br)c1,GA,1,1,1,1,0.5678956661095027,1,1,42.69075707307251,56,1
Fc1ccc2n[nH]cc2c1,GA,1,1,1,1,0.5862735110488296,1,1,45.83599253085452,0,0
Cc1c[nH]nc1C,GA,1,1,1,1,0.5130127570533982,1,1,18.25687269294515,0,0
CNC(=O)c1ccccc1,GA,1,1,1,1,0.6122319116423771,1,1,47.82334391425171,46,1
Cc1ncccc1F,GA,1,1,1,1,0.4943752493594844,1,1,30.435733200609288,8,1
COCc1ccccc1,GA,1,1,1,1,0.581144288935902,1,1,46.04311462250007,28,1
COc1ccccn1,GA,1,1,1,1,0.5381831574540579,1,1,37.9940604388073,22,1
COc1cccnc1,GA,1,1,1,1,0.5381831574540579,1,1,35.04110764389557,14,1
Oc1cccc(Br)c1,GA,1,1,1,1,0.6366834808262342,1,1,33.374118829033364,18,1
O=C(NC1CC1)c1ccccc1,GA,1,1,1,1,0.7005994440950623,1,1,67.13150266657973,42,1
Cc1ccccc1C(N)=O,GA,1,1,1,1,0.6150947811524279,1,1,42.72518185926287,2,1
Cc1nc2ccccc2o1,GA,1,1,1,1,0.5498595132111735,1,1,49.43535374497484,10,1
Oc1c(F)cccc1F,GA,1,1,1,1,0.5659190507619332,1,1,21.457468481202547,16,1
O=c1[nH][nH]c2ccccc12,GA,1,1,1,1,0.5510989531027273,1,1,11.444039266439837,4,1
Fc1ccc(-c2c[nH]cn2)cc1,GA,1,1,1,1,0.6838143886732527,1,1,43.75714069493954,10,1
CSc1ccccc1,GA,1,1,1,1,0.5179452823981447,1,1,32.93718127829759,60,1
FC(F)(F)c1ccccc1,GA,1,1,1,1,0.5274607455911078,1,1,36.437699073802,26,1
OCc1ccccc1,GA,1,1,1,1,0.5723436119287516,1,1,30.89379261466763,10,1
CCc1c[nH]c2ccccc12,GA,1,1,1,1,0.634678344220595,1,1,48.98497182806486,4,1
OCc1cccc2ccccc12,GA,1,1,1,1,0.6749317433965362,1,1,47.54791523692327,12,1
Oc1ccc(F)cc1F,GA,1,1,1,1,0.5659190507619332,1,1,30.28266286307712,34,1
Oc1ccccc1F,GA,1,1,1,1,0.5392148187981868,1,1,22.519772088891717,32,1
Cc1cc(-c2ccccc2)no1,GA,1,1,1,1,0.6388887584190305,1,1,45.66433210946636,4,1
Fc1cccc(Cl)c1,GA,1,1,1,1,0.5062680369802974,1,1,36.18337245697641,62,1
Clc1ccc(-c2ccn[nH]2)cc1,GA,1,1,1,1,0.7149153949295375,1,1,44.561348853375854,4,1
OCc1ccc(F)cc1F,GA,1,1,1,1,0.6321313333906111,1,1,37.17880625991813,14,1
CCc1ccc(F)cc1F,GA,1,1,1,1,0.5648072889555772,1,1,45.824085929389256,0,0
NCc1c(F)cccc1Cl,GA,1,1,1,1,0.6660680150483621,1,1,29.734904500854377,32,1
FC(F)(F)c1ccc2[nH]cnc2c1,B1,1,1,1,1,0.6725121110431,1,1,54.45248009902324,0,0
FC(F)(F)c1ccncc1,B1,1,1,1,1,0.547151622665481,1,1,35.72985688750359,6,1
FC(F)(F)c1ccccc1,B1,1,1,1,1,0.5274607455911079,1,1,36.437699073802,32,1
c1ccc2sccc2c1,B1,1,1,1,1,0.5193756104894537,1,1,41.037837130138456,8,1
FC(F)(F)Oc1ccccc1,B1,1,1,1,1,0.6161869793338142,1,1,45.07593339309071,28,1
Cc1cc(=O)[nH]n1C,B1,1,1,1,1,0.5045233601727693,1,1,12.302619076673524,0,0
Cc1cc(=O)n(-c2ccccc2)[nH]1,B1,1,1,1,1,0.6981208487644514,1,1,34.88523556332665,0,0
Cc1ncc[nH]c1=O,B1,1,1,1,1,0.5136326256802805,1,1,17.143900164113653,2,1
NC(=O)Nc1cccc(C(F)(F)F)c1,B2,1,1,1,1,0.7233195284658265,1,1,71.8256451200789,0,0
NC(=O)Nc1ccccc1,B2,1,1,1,1,0.5979442528752776,1,1,47.72571782063407,2,1
c1ccc2[nH]cnc2c1,B2,1,1,1,1,0.5583728365871126,1,1,39.49652870819706,0,0
FC(F)(F)c1ccncc1,B2,1,1,1,1,0.5471516226654809,1,1,35.72985688750359,4,1
FC(F)(F)c1ccccc1,B2,1,1,1,1,0.5274607455911079,1,1,36.437699073802,18,1
NC(=O)NC1CCCCC1,B2,1,1,1,1,0.5631958577623991,1,1,35.352113387990386,0,0
CC(=O)N1CCN(c2ccccc2)CC1,B2,1,1,1,1,0.6892056184410031,1,1,72.06386180458385,0,0
Cc1ccc2c(c1)CCO2,B2,1,1,1,1,0.5264716109299262,1,1,30.152092190926883,0,0
CC(=O)NC(C)(C)C,B2,1,1,1,1,0.49945658481536875,1,1,24.69228167010142,0,0
CC(=O)N[C@H](C)c1ccccc1,B2,1,1,1,1,0.7082689197633866,1,1,62.32503980161847,0,0
CC(=O)N[C@H](CO)c1ccccc1,B2,1,1,1,1,0.722509805201802,1,1,61.488146296719364,0,0
CC(=O)NC(C)C,B2,1,1,1,1,0.5125870718005372,1,1,24.9042068033874,0,0
COc1cccc([C@@H](C)NC(C)=O)c1,B2,1,1,1,1,0.7956997258337403,1,1,86.24303315275912,0,0
Cn1ccc2ccccc21,B2,1,1,1,1,0.5160980556298523,1,1,46.284316308267535,6,1
c1ccc2c(c1)OCCO2,B2,1,1,1,1,0.5371677140562677,1,1,25.779645566683122,0,0
C[S@](=O)c1ccccc1,B2,1,1,1,1,0.5763209398375385,1,1,28.382977827441046,10,1
c1ccc(N2CCOCC2)nc1,B2,1,1,1,1,0.616780765523831,1,1,48.63005507487054,0,0
Cc1cn(-c2ccccc2)cn1,B2,1,1,1,1,0.6216143144162246,1,1,32.821614488566404,0,0
